no;y;X1;X2
1;1.428089027;1.370958447;2.921220111
2;1.029692411;-0.564698171;5.166710031
3;-0.409505963;0.363128411;0.400621499
4;-1.052394124;0.632862605;10.06417023
5;-0.454249152;0.404268323;3.26980083
6;-1.17138827;-0.106124516;2.797515157
7;0.83486778;1.511521997;3.087573902
8;0.646191202;-0.094659038;3.28660173
9;1.4607044;2.018423714;5.434186185
10;1.019261899;-0.062714099;0.954075711
11;-0.89376187;1.304869654;0.414785404
12;2.087096519;2.286645393;4.396079415
13;0.553602171;-1.388860701;2.453388199
14;0.703321658;-0.278788767;4.194872039
15;-0.482439554;-0.133321336;6.012839209
16;0.113752121;0.635950398;7.93608782
17;0.549020491;-0.284252921;3.62805185
18;-1.164267135;-2.656455421;1.135702386
19;-3.229618848;-2.440466929;3.494938417
20;-0.699269276;1.320113346;0.889052039
21;2.738939376;-0.306638594;6.838909052
22;-1.833697051;-1.781308434;0.57122304
23;1.317956014;-0.171917356;2.903552946
24;1.538681531;1.214674699;2.934912757
25;0.722111961;1.895193461;1.881461175
26;-2.683816369;-0.430469132;0.915755783
27;1.126693791;-0.257269383;5.549525099
28;3.020102026;-1.763163085;6.824379259
29;0.644565121;0.460097355;0.977540254
30;-0.846495024;-0.639994876;1.001984358
31;0.897733625;0.455450123;1.882878746
32;1.683982946;0.704837337;1.025159674
33;0.205631846;1.035103522;3.504471805
34;1.880725717;-0.608926375;7.801599748
35;1.619472078;0.504955123;0.856499123
36;-1.239136694;-1.717008679;2.286586885
37;-1.901152534;-0.784459008;0.649018641
38;0.040567839;-0.850907594;3.151195622
39;-0.909875267;-2.41420765;4.569994403
40;0.182214056;0.036122607;3.113244383
41;-0.136795812;0.2059986;3.397969756
42;1.456527613;-0.361057299;4.15023929
43;2.543235853;0.758163236;2.107281336
44;-0.751291101;-0.726704827;1.288015309
45;-1.842441316;-1.368281044;0.728206619
46;0.811126945;0.432818026;1.725883827
47;2.124828741;-0.811393176;5.35810967
48;8.838831573;1.444101262;13.87849067
49;2.936244882;-0.431446203;4.973880881
50;5.254937521;0.655647883;10.90725631
51;1.527019107;0.321925265;1.552133298
52;0.854316498;-0.783838941;3.983411209
53;1.339021024;1.57572752;2.882127971
54;0.973519337;0.642899306;2.704635075
55;2.02754393;0.089760647;5.84249014
56;8.456429932;0.276550747;13.00962684
57;3.362381645;0.679288816;2.916105555
58;0.231086538;0.089832887;0.339383363
59;-2.365521606;-2.993090083;1.757513194
60;2.980675561;0.284882954;3.096267987
61;4.020273986;-0.367234643;5.070717198
62;2.90710837;0.185230565;2.651943918
63;3.601831242;0.581823727;3.153315483
64;1.051292877;1.399736827;2.140386448
65;0.501079445;-0.727292059;0.723717881
66;2.194402347;1.302542632;1.984932854
67;1.357593044;0.33584812;1.429011922
68;2.892356561;1.038506099;4.401148067
69;2.787465489;0.920728568;2.563093135
70;0.934565149;0.720878163;2.066884201
71;-0.224397175;-1.043118939;1.530886437
72;-0.119234122;-0.090186387;0.735412216
73;2.651981716;0.623518162;4.54950778
74;-1.409379677;-0.953523358;0.785418222
75;1.345875438;-0.542828815;3.126240309
76;2.619679518;0.580996498;2.999410513
77;6.328637265;0.768178738;7.488206488
78;3.771951448;0.463767589;8.585805847
79;3.474404047;-0.885776297;4.399375544
80;2.163596893;-1.099780899;2.883325752
81;1.41501819;1.51270701;2.833928367
82;4.492505988;0.257921438;6.983276609
83;4.688127544;0.088440229;5.712170223
84;7.074563667;-0.120896538;5.042314343
85;1.233616189;-1.194328895;2.545735018
86;2.222411026;0.611996898;2.822762626
87;1.404763194;-0.217139846;2.380400409
88;0.822714869;-0.182756706;1.413039221
89;2.598774727;0.933346329;2.269063525
90;5.571263615;0.821773111;4.867161979
91;-0.313841977;1.392116376;2.029856007
92;0.652363296;-0.476173923;0.841969165
93;2.834302251;0.650348561;3.71266729
94;5.738611332;1.391110456;6.504635895
95;-0.011303283;-1.110788879;0.294151314
96;7.083724466;-0.860792587;8.208568884
97;1.689538602;-1.131738681;2.735271893
98;0.228719635;-1.459214;1.307242497
99;4.777743027;0.079982553;4.476992838
100;3.18343142;0.65320434;1.841355751
101;7.275489133;1.200965376;6.613971866
102;2.59092796;1.044751087;2.331384186
103;6.182451559;-1.003208647;4.635216795
104;1.873880942;1.848481902;1.842753704
105;1.428876489;-0.666773409;1.281078701
106;2.92207513;0.105513812;2.259468187
107;3.638912207;-0.422255882;2.232761758
108;6.694112453;-0.122350172;3.665473066
109;11.58822506;0.188193035;8.740318745
110;8.924896793;0.119160958;7.291107777
111;3.552476138;-0.025092551;2.859523297
112;4.277147895;0.108072728;3.916000579
113;9.347190097;-0.485435236;8.314764733
114;7.74409261;-0.504217131;3.220751539
115;7.506157316;-1.66109908;6.803034189
116;-0.174187225;-0.382333727;0.323959539
117;3.563132898;-0.512650258;2.284189021
118;1.601877675;2.701891;2.361091964
119;3.685294449;-1.362116231;1.616946516
120;10.66842074;0.137256219;8.966887459
121;14.32150691;-1.493625067;11.86650195
122;0.010818686;-1.470435741;0.942098892
123;5.749551551;0.124702386;4.264945568
124;3.418556354;-0.996639135;2.459499526
125;2.929070468;-0.001822614;2.489383192
126;14.20153783;-0.428258881;10.43739001
127;5.665090218;-0.613671606;3.137454127
128;4.329502104;-2.024677845;3.121392682
129;2.623130026;-1.22474795;1.75057125
130;9.472285932;0.179516441;7.445233097
131;3.75002338;0.567620594;3.761379619
132;2.544671195;-0.492877354;3.771973261
133;-0.008853736;6.29E-05;0.548061975
134;-0.082191118;1.122889643;1.526092322
135;-3.027246651;1.439855743;0.299021466
136;2.953561734;-1.097113768;1.443226256
137;8.924524988;-0.11731956;5.841753574
138;3.682699983;1.201498401;5.570357329
139;4.134392092;-0.469729581;3.131403673
140;1.601152557;-0.052469485;1.790714002
141;-0.574270107;-0.086107298;0.219077733
142;4.296105311;-0.887679018;2.610320396
143;7.527897594;-0.444684005;4.228679258
144;2.583495316;-0.029444879;1.339873418
145;-0.23701552;-0.413868849;0.408203848
146;2.611582084;1.113386023;2.065198121
147;6.566120089;-0.480992842;5.218632015
148;11.43429583;-0.433169033;7.289955905
149;0.293818985;0.696862577;0.476173867
150;2.026786416;-1.056368413;0.656278258
151;3.949457429;-0.040698475;4.295820389
152;15.54780365;-1.551544822;8.273635419
153;5.845515685;1.167169549;5.004430333
154;22.69072287;-0.273645701;14.6630355
155;1.311517809;-0.467845325;1.368539762
156;16.34783945;-1.238252328;10.32530791
157;0.662148073;-0.007762034;0.846680483
158;4.713708747;-0.800282178;0.933544431
159;5.91107273;-0.53349233;2.687417065
160;10.79743558;1.287675246;7.06358999
161;9.958721977;-0.17552587;5.11964874
162;11.43475376;-1.071782384;6.781581356
163;3.832815533;0.163206882;3.085839625
164;5.093982707;-0.362738416;2.103325494
165;3.794204568;0.590013548;3.761888466
166;6.389639995;1.432421928;4.759708578
167;6.882822094;-0.992692511;3.790767778
168;5.701912867;0.454650298;5.444205183
169;7.223722862;0.084898059;4.250536078
170;4.71851304;0.895565582;4.120883207
171;9.926197456;-0.229778139;5.609403364
172;11.79955257;0.836619068;6.980944378
173;2.416918921;-1.745055861;1.241455764
174;3.45742036;1.689458921;2.43294173
175;7.068290677;0.864777979;3.490871416
176;4.125423472;-0.150775989;1.192330044
177;9.624421836;-1.44900713;4.53589645
178;4.125985758;0.6430087;2.579092093
179;9.87026188;0.483193864;5.349559317
180;2.96882713;-0.006355626;1.499089978
181;2.958475067;0.151455893;1.682865448
182;1.989081022;-0.58410897;0.666643002
183;1.735517502;0.368806733;0.794016532
184;17.40714396;0.29465434;9.93664921
185;3.489511841;-0.279259373;2.993986417
186;9.883816342;-1.336236655;4.596594103
187;10.4709047;0.700748818;5.55889162
188;4.41847604;0.554196622;3.413678037
189;5.280897524;-0.836306593;1.26265007
190;2.023819055;-1.594588162;0.75482316
191;2.718380985;0.204958581;1.84705665
192;5.16014034;-0.345087978;2.073757544
193;5.267766398;0.252611703;2.26371369
194;20.46186551;-1.294002465;11.00458619
195;18.43307242;-0.959170444;10.0836554
196;13.5658341;1.085774854;8.280125849
197;1.339660711;0.403774905;0.586469234
198;4.844352751;0.586487537;2.238525608
199;4.303228087;1.815228446;1.280711608
200;32.9161623;0.128821429;16.12301751
